id,notification_type,message,is_read,created_at,from_user_id,post_id,reply_id,user_id
3,like,Shimpy liked your post,f,2026-03-24 12:20:36.295176+00,32,2,,31
4,like,Shimpy liked your post,f,2026-03-24 12:20:49.882745+00,32,1,,31
5,reply,Shimpy replied to your post,f,2026-03-24 12:20:57.102235+00,32,1,2,31
7,reply,Shimpy replied to your post,f,2026-03-24 12:23:32.254159+00,32,2,4,31
12,like,Minka liked your post,f,2026-03-28 18:59:10.211507+00,33,11,,32
13,like,swati liked your post,f,2026-03-30 03:48:50.718005+00,31,19,,33
14,reply,swati replied to your post,f,2026-03-30 03:49:15.808378+00,31,19,8,33
15,like,swati liked your post,f,2026-03-30 12:53:17.148489+00,31,20,,33
16,like,swati liked your post,f,2026-03-30 12:53:21.269044+00,31,13,,33
17,like,satija liked your post,f,2026-03-30 14:08:39.207785+00,30,21,,31
18,like,Shimpy liked your post,f,2026-03-31 06:51:53.460829+00,32,20,,33
19,reply,Shimpy replied to your post,f,2026-03-31 06:54:09.993939+00,32,20,9,33
20,like,Shimpy liked your post,f,2026-03-31 06:56:41.943129+00,32,23,,33
21,like,Minka liked your post,f,2026-03-31 08:49:39.766771+00,33,26,,32
22,reply,Minka replied to your post,f,2026-03-31 08:54:37.014754+00,33,26,10,32
23,like,Minka liked your post,f,2026-03-31 08:55:55.647018+00,33,25,,32
24,reply,Minka replied to your post,f,2026-03-31 08:57:16.797685+00,33,25,11,32
25,like,Ojasvi liked your post,f,2026-04-01 05:58:36.387752+00,37,20,,33
26,like,Ojasvi liked your reply,f,2026-04-01 05:58:37.922737+00,37,20,9,32
27,reply,Ojasvi replied to your post,f,2026-04-01 05:59:23.621685+00,37,20,12,33
28,reply,Ojasvi replied to your post,f,2026-04-01 05:59:54.196653+00,37,20,13,33
29,reply,Ojasvi replied to your post,f,2026-04-01 06:00:13.883691+00,37,20,14,33
30,reply,parineeta replied to your post,f,2026-04-01 09:06:36.836474+00,40,23,15,33
31,like,Minka liked your post,f,2026-04-02 03:49:18.066661+00,33,29,,39
32,reply,Minka replied to your post,f,2026-04-02 03:53:53.231713+00,33,29,16,39
33,like,parineeta liked your post,f,2026-04-02 03:55:23.461427+00,40,30,,39
34,reply,parineeta replied to your post,f,2026-04-02 04:00:06.043068+00,40,30,17,39
35,like,Shimpy liked your post,f,2026-04-02 04:09:11.282755+00,32,22,,33
36,reply,Shimpy replied to your post,f,2026-04-02 04:16:51.170271+00,32,22,18,33
37,like,Aarti liked your reply,f,2026-04-02 05:50:08.770733+00,48,23,15,40
38,reply,Aarti replied to your post,f,2026-04-02 05:51:55.640832+00,48,23,19,33
39,like,Aarti liked your post,f,2026-04-02 05:53:05.472475+00,48,16,,33
40,reply,Aarti replied to your post,f,2026-04-02 05:54:46.250532+00,48,16,20,33
41,like,Aarti liked your post,f,2026-04-02 05:55:18.950602+00,48,33,,41
42,like,Aarti liked your post,f,2026-04-02 05:55:23.47236+00,48,28,,39
43,like,Aarti liked your post,f,2026-04-02 05:55:28.230124+00,48,31,,42
44,like,Aarti liked your post,f,2026-04-02 05:55:36.190395+00,48,24,,33
45,like,Aarti liked your post,f,2026-04-02 05:55:47.420495+00,48,14,,33
46,like,Aarti liked your post,f,2026-04-02 05:55:50.955324+00,48,11,,32
47,like,Aarti liked your post,f,2026-04-02 05:56:07.792459+00,48,20,,33
48,like,Aarti liked your post,f,2026-04-02 05:56:09.493288+00,48,13,,33
49,like,Aarti liked your post,f,2026-04-02 05:56:15.121384+00,48,2,,31
50,like,Aarti liked your post,f,2026-04-02 05:56:16.830117+00,48,1,,31
51,like,Aarti liked your post,f,2026-04-02 06:22:19.603463+00,48,17,,33
52,like,Aarti liked your post,f,2026-04-02 06:22:21.345309+00,48,25,,32
53,like,NishaM liked your post,f,2026-04-02 06:25:16.021619+00,47,25,,32
54,like,NishaM liked your reply,f,2026-04-02 06:25:54.923975+00,47,25,11,33
55,reply,NishaM replied to your post,f,2026-04-02 06:27:36.537533+00,47,25,21,32
56,like,NishaM liked your post,f,2026-04-02 06:28:05.344448+00,47,16,,33
57,like,NishaM liked your post,f,2026-04-02 06:28:36.897099+00,47,21,,31
58,like,NishaM liked your post,f,2026-04-02 06:28:43.111881+00,47,15,,33
59,reply,NishaM replied to your post,f,2026-04-02 06:42:18.334334+00,47,21,22,31
60,like,swati liked your post,f,2026-04-02 06:56:25.723623+00,31,32,,45
61,reply,swati replied to your post,f,2026-04-02 06:56:39.9356+00,31,32,23,45
62,like,NishaM liked your post,f,2026-04-02 07:23:03.451285+00,47,36,,31
63,like,NishaM liked your post,f,2026-04-02 07:24:50.066114+00,47,35,,39
64,like,NishaM liked your post,f,2026-04-02 09:18:23.170287+00,47,27,,33
65,reply,NishaM replied to your post,f,2026-04-02 09:19:07.962665+00,47,27,24,33
66,like,NishaM liked your post,f,2026-04-02 09:19:23.521988+00,47,11,,32
67,like,NishaM liked your post,f,2026-04-02 09:19:25.508231+00,47,14,,33
68,like,NishaM liked your post,f,2026-04-02 09:19:47.327246+00,47,22,,33
69,like,NishaM liked your post,f,2026-04-02 09:19:48.859694+00,47,19,,33
70,like,Minka liked your post,f,2026-04-02 10:55:31.992516+00,33,37,,47
71,reply,Minka replied to your post,f,2026-04-02 10:58:57.356271+00,33,37,25,47
72,like,Minka liked your post,f,2026-04-02 11:02:00.901351+00,33,2,,31
73,like,Minka liked your post,f,2026-04-02 11:02:06.223005+00,33,1,,31
74,like,parineeta liked your post,f,2026-04-02 11:17:13.996122+00,40,38,,33
75,reply,parineeta replied to your post,f,2026-04-02 11:17:27.23511+00,40,38,26,33
76,like,Shimpy liked your post,f,2026-04-03 11:08:25.604535+00,32,27,,33
77,like,Shimpy liked your reply,f,2026-04-03 11:08:34.306963+00,32,27,24,47
78,reply,Shimpy replied to your post,f,2026-04-03 11:09:07.181091+00,32,27,27,33
79,like,Shimpy liked your reply,f,2026-04-03 11:10:24.933838+00,32,26,10,33
80,like,Shimpy liked your reply,f,2026-04-03 11:10:48.420072+00,32,25,11,33
81,like,Shimpy liked your reply,f,2026-04-03 11:11:04.280653+00,32,25,21,47
82,like,Shimpy liked your post,f,2026-04-03 11:11:25.467026+00,32,24,,33
83,like,Shimpy liked your reply,f,2026-04-03 11:11:47.008735+00,32,23,15,40
84,like,Shimpy liked your reply,f,2026-04-03 11:11:59.558049+00,32,23,19,48
85,like,Shimpy liked your post,f,2026-04-03 11:12:41.548629+00,32,21,,31
86,like,Shimpy liked your reply,f,2026-04-03 11:12:53.753887+00,32,21,22,47
87,like,Shimpy liked your reply,f,2026-04-03 11:13:07.802405+00,32,20,12,37
88,like,Shimpy liked your reply,f,2026-04-03 11:13:10.51768+00,32,20,13,37
89,like,Shimpy liked your reply,f,2026-04-03 11:13:12.159935+00,32,20,14,37
90,like,Shimpy liked your post,f,2026-04-03 11:13:22.122947+00,32,19,,33
91,like,Shimpy liked your reply,f,2026-04-03 11:13:23.844412+00,32,19,8,31
92,like,Shimpy liked your post,f,2026-04-03 11:13:46.094585+00,32,18,,33
93,like,Shimpy liked your post,f,2026-04-03 11:14:00.007442+00,32,38,,33
94,like,Shimpy liked your reply,f,2026-04-03 11:14:02.757984+00,32,38,26,40
95,like,Shimpy liked your post,f,2026-04-03 11:14:19.000925+00,32,37,,47
96,like,Shimpy liked your reply,f,2026-04-03 11:14:20.609711+00,32,37,25,33
97,like,Shimpy liked your post,f,2026-04-03 11:14:41.183348+00,32,36,,31
98,like,Shimpy liked your post,f,2026-04-03 11:14:50.501954+00,32,35,,39
99,like,Shimpy liked your post,f,2026-04-03 11:15:01.940977+00,32,33,,41
100,like,Shimpy liked your post,f,2026-04-03 11:15:20.087678+00,32,32,,45
101,like,Shimpy liked your reply,f,2026-04-03 11:15:22.578905+00,32,32,23,31
102,like,Shimpy liked your post,f,2026-04-03 11:15:33.871055+00,32,31,,42
103,like,Shimpy liked your post,f,2026-04-03 11:15:44.9661+00,32,30,,39
104,like,Shimpy liked your reply,f,2026-04-03 11:15:46.8+00,32,30,17,40
105,like,Shimpy liked your post,f,2026-04-03 11:16:16.814219+00,32,29,,39
106,like,Shimpy liked your reply,f,2026-04-03 11:16:18.589344+00,32,29,16,33
107,like,Shimpy liked your post,f,2026-04-03 11:16:32.821702+00,32,28,,39
108,like,Ojasvi liked your post,f,2026-04-03 12:11:30.069868+00,37,27,,33
109,like,Ojasvi liked your reply,f,2026-04-03 12:11:32.356453+00,37,27,24,47
110,like,Ojasvi liked your reply,f,2026-04-03 12:11:34.896947+00,37,27,27,32
111,like,Ojasvi liked your post,f,2026-04-03 12:11:41.98567+00,37,39,,32
112,like,Ojasvi liked your post,f,2026-04-03 12:11:46.941199+00,37,13,,33
113,like,Ojasvi liked your post,f,2026-04-03 12:11:52.357456+00,37,2,,31
114,like,Ojasvi liked your reply,f,2026-04-03 12:11:57.331269+00,37,2,4,32
115,like,Ojasvi liked your post,f,2026-04-03 12:12:44.301983+00,37,1,,31
116,like,Ojasvi liked your reply,f,2026-04-03 12:12:49.673871+00,37,1,2,32
117,like,Ojasvi liked your post,f,2026-04-03 12:13:02.716023+00,37,41,,32
118,like,Ojasvi liked your post,f,2026-04-03 12:13:04.713674+00,37,14,,33
119,like,Ojasvi liked your post,f,2026-04-03 12:13:07.947091+00,37,11,,32
120,like,Ojasvi liked your post,f,2026-04-03 12:13:21.020299+00,37,40,,32
121,like,Ojasvi liked your post,f,2026-04-03 12:13:23.667447+00,37,38,,33
122,like,Ojasvi liked your reply,f,2026-04-03 12:13:26.801589+00,37,38,26,40
123,like,Ojasvi liked your post,f,2026-04-03 12:13:33.24883+00,37,16,,33
124,like,Ojasvi liked your reply,f,2026-04-03 12:13:38.767455+00,37,16,20,48
125,like,Ojasvi liked your post,f,2026-04-03 12:13:51.126508+00,37,25,,32
126,like,Ojasvi liked your post,f,2026-04-03 12:13:53.073593+00,37,17,,33
127,like,Ojasvi liked your reply,f,2026-04-03 12:13:57.110988+00,37,25,11,33
128,like,Ojasvi liked your reply,f,2026-04-03 12:13:59.791026+00,37,25,21,47
129,like,Ojasvi liked your post,f,2026-04-03 12:14:12.421832+00,37,32,,45
130,like,Ojasvi liked your post,f,2026-04-03 12:14:13.584137+00,37,26,,32
131,like,Ojasvi liked your post,f,2026-04-03 12:14:15.143131+00,37,18,,33
132,like,Ojasvi liked your reply,f,2026-04-03 12:14:18.209867+00,37,26,10,33
133,like,Ojasvi liked your reply,f,2026-04-03 12:14:27.860343+00,37,32,23,31
134,like,Ojasvi liked your post,f,2026-04-03 12:14:49.302225+00,37,35,,39
135,like,Ojasvi liked your post,f,2026-04-03 12:14:51.599789+00,37,33,,41
136,like,Ojasvi liked your post,f,2026-04-03 12:14:53.986769+00,37,28,,39
137,like,Ojasvi liked your post,f,2026-04-03 12:14:56.484751+00,37,23,,33
138,like,Ojasvi liked your reply,f,2026-04-03 12:15:00.775217+00,37,23,15,40
139,like,Ojasvi liked your reply,f,2026-04-03 12:15:05.38776+00,37,23,19,48
140,like,Ojasvi liked your post,f,2026-04-03 12:15:16.640129+00,37,42,,32
141,like,Ojasvi liked your post,f,2026-04-03 12:15:17.981834+00,37,36,,31
142,like,Ojasvi liked your post,f,2026-04-03 12:15:23.893201+00,37,22,,33
143,like,Ojasvi liked your post,f,2026-04-03 12:15:25.627066+00,37,19,,33
144,like,Ojasvi liked your reply,f,2026-04-03 12:16:20.891001+00,37,19,8,31
145,like,Ojasvi liked your post,f,2026-04-03 12:16:29.384741+00,37,21,,31
146,like,Ojasvi liked your post,f,2026-04-03 12:16:31.556236+00,37,15,,33
147,like,Ojasvi liked your reply,f,2026-04-03 12:16:36.41426+00,37,21,22,47
148,like,Ojasvi liked your post,f,2026-04-03 12:16:45.214152+00,37,37,,47
149,like,Ojasvi liked your post,f,2026-04-03 12:16:47.226204+00,37,31,,42
150,like,Ojasvi liked your post,f,2026-04-03 12:16:48.594882+00,37,30,,39
151,like,Ojasvi liked your post,f,2026-04-03 12:16:50.544949+00,37,29,,39
152,like,Ojasvi liked your post,f,2026-04-03 12:16:53.10649+00,37,24,,33
153,like,Ojasvi liked your reply,f,2026-04-03 12:16:57.789144+00,37,29,16,33
154,like,Ojasvi liked your reply,f,2026-04-03 12:17:08.773352+00,37,30,17,40
155,like,Ojasvi liked your reply,f,2026-04-03 12:17:17.774177+00,37,37,25,33
156,like,swati liked your post,f,2026-04-03 12:29:59.514532+00,31,39,,32
157,like,swati liked your reply,f,2026-04-03 12:30:08.765307+00,31,1,2,32
158,like,swati liked your reply,f,2026-04-03 12:30:14.52719+00,31,2,4,32
159,like,swati liked your reply,f,2026-04-03 12:30:38.009565+00,31,20,9,32
160,like,swati liked your reply,f,2026-04-03 12:30:39.079335+00,31,20,12,37
161,like,swati liked your reply,f,2026-04-03 12:30:40.388558+00,31,20,13,37
162,like,swati liked your reply,f,2026-04-03 12:30:42.869239+00,31,20,14,37
163,like,swati liked your post,f,2026-04-03 12:30:55.870225+00,31,41,,32
164,like,swati liked your post,f,2026-04-03 12:30:57.777645+00,31,14,,33
165,like,swati liked your post,f,2026-04-03 12:30:59.528064+00,31,11,,32
166,like,swati liked your post,f,2026-04-03 12:31:06.402431+00,31,40,,32
167,like,swati liked your post,f,2026-04-03 12:31:07.890296+00,31,38,,33
168,like,swati liked your reply,f,2026-04-03 12:31:10.785398+00,31,38,26,40
169,like,swati liked your post,f,2026-04-03 12:31:16.18506+00,31,16,,33
170,like,swati liked your reply,f,2026-04-03 12:31:22.285054+00,31,16,20,48
171,like,swati liked your post,f,2026-04-03 12:31:55.089965+00,31,25,,32
172,like,swati liked your reply,f,2026-04-03 12:32:00.146199+00,31,25,11,33
173,like,swati liked your reply,f,2026-04-03 12:32:06.307335+00,31,25,21,47
174,like,swati liked your post,f,2026-04-03 12:32:16.244519+00,31,17,,33
175,like,swati liked your post,f,2026-04-03 12:33:54.16749+00,31,26,,32
176,like,swati liked your reply,f,2026-04-03 12:34:16.961517+00,31,26,10,33
177,like,swati liked your post,f,2026-04-03 12:34:23.205637+00,31,18,,33
178,like,swati liked your post,f,2026-04-03 12:34:37.440029+00,31,35,,39
179,like,swati liked your post,f,2026-04-03 12:34:45.926044+00,31,33,,41
180,like,swati liked your post,f,2026-04-03 12:34:48.458301+00,31,28,,39
181,like,swati liked your post,f,2026-04-03 12:34:51.936656+00,31,23,,33
182,like,swati liked your reply,f,2026-04-03 12:34:55.103738+00,31,23,15,40
183,like,swati liked your reply,f,2026-04-03 12:35:02.043727+00,31,23,19,48
184,like,swati liked your post,f,2026-04-03 12:35:16.276191+00,31,42,,32
185,like,swati liked your post,f,2026-04-03 12:35:22.858059+00,31,27,,33
186,like,swati liked your post,f,2026-04-03 12:35:31.665434+00,31,22,,33
187,like,swati liked your reply,f,2026-04-03 12:37:15.275993+00,31,22,18,32
188,like,swati liked your reply,f,2026-04-03 12:37:24.078112+00,31,27,27,32
189,like,swati liked your reply,f,2026-04-03 12:37:25.403673+00,31,27,24,47
190,like,swati liked your reply,f,2026-04-03 12:37:45.854073+00,31,21,22,47
191,like,swati liked your post,f,2026-04-03 12:37:49.956132+00,31,15,,33
192,like,swati liked your reply,f,2026-04-03 12:38:01.186255+00,31,37,25,33
193,like,swati liked your post,f,2026-04-03 12:38:06.301499+00,31,37,,47
194,like,swati liked your post,f,2026-04-03 12:38:09.793515+00,31,31,,42
195,like,swati liked your post,f,2026-04-03 12:38:11.340332+00,31,30,,39
196,like,swati liked your reply,f,2026-04-03 12:38:14.599782+00,31,30,17,40
197,like,swati liked your post,f,2026-04-03 12:38:19.879197+00,31,29,,39
198,like,swati liked your reply,f,2026-04-03 12:38:22.892097+00,31,29,16,33
199,like,swati liked your post,f,2026-04-03 12:38:26.812881+00,31,24,,33
200,like,Anika liked your post,f,2026-04-03 12:43:07.871523+00,39,39,,32
201,like,Anika liked your post,f,2026-04-03 12:43:10.813142+00,39,20,,33
202,like,Anika liked your reply,f,2026-04-03 12:43:14.244527+00,39,20,9,32
203,like,Anika liked your reply,f,2026-04-03 12:43:15.575841+00,39,20,12,37
204,like,Anika liked your reply,f,2026-04-03 12:43:17.411815+00,39,20,13,37
205,like,Anika liked your reply,f,2026-04-03 12:43:19.060254+00,39,20,14,37
206,like,Anika liked your post,f,2026-04-03 12:43:26.286199+00,39,13,,33
207,like,Anika liked your post,f,2026-04-03 12:43:27.625643+00,39,2,,31
208,like,Anika liked your reply,f,2026-04-03 12:43:31.150997+00,39,2,4,32
209,like,Anika liked your post,f,2026-04-03 12:43:35.39474+00,39,1,,31
210,like,Anika liked your reply,f,2026-04-03 12:43:38.209303+00,39,1,2,32
211,like,Anika liked your post,f,2026-04-03 12:43:49.447819+00,39,41,,32
212,like,Anika liked your post,f,2026-04-03 12:43:52.679747+00,39,14,,33
213,like,Anika liked your post,f,2026-04-03 12:43:54.0973+00,39,11,,32
214,like,Anika liked your post,f,2026-04-03 12:44:01.478428+00,39,40,,32
215,like,Anika liked your post,f,2026-04-03 12:44:02.73485+00,39,38,,33
216,like,Anika liked your reply,f,2026-04-03 12:44:05.665277+00,39,38,26,40
217,like,Anika liked your post,f,2026-04-03 12:44:12.237282+00,39,16,,33
218,like,Anika liked your reply,f,2026-04-03 12:45:34.773031+00,39,16,20,48
219,like,Anika liked your post,f,2026-04-03 12:46:17.141843+00,39,25,,32
220,like,Anika liked your post,f,2026-04-03 12:46:18.527972+00,39,17,,33
221,like,Anika liked your reply,f,2026-04-03 12:46:21.70264+00,39,25,11,33
222,like,Anika liked your reply,f,2026-04-03 12:46:24.585334+00,39,25,21,47
223,like,Anika liked your post,f,2026-04-03 12:46:35.180922+00,39,32,,45
224,like,Anika liked your reply,f,2026-04-03 12:46:40.529023+00,39,32,23,31
225,like,Anika liked your post,f,2026-04-03 12:46:46.065115+00,39,26,,32
226,like,Anika liked your reply,f,2026-04-03 12:46:49.043883+00,39,26,10,33
227,like,Anika liked your post,f,2026-04-03 12:46:54.482988+00,39,18,,33
228,like,Anika liked your post,f,2026-04-03 12:47:04.744147+00,39,33,,41
229,like,Anika liked your post,f,2026-04-03 12:47:08.95004+00,39,23,,33
230,like,Anika liked your reply,f,2026-04-03 12:47:13.320084+00,39,23,15,40
231,like,Anika liked your reply,f,2026-04-03 12:47:17.254354+00,39,23,19,48
232,like,Anika liked your post,f,2026-04-03 12:47:37.183006+00,39,42,,32
233,like,Anika liked your post,f,2026-04-03 12:47:38.8878+00,39,36,,31
234,like,Anika liked your post,f,2026-04-03 12:47:40.418707+00,39,27,,33
235,like,Anika liked your post,f,2026-04-03 12:47:43.67542+00,39,22,,33
236,like,Anika liked your post,f,2026-04-03 12:47:45.819129+00,39,19,,33
237,like,Anika liked your reply,f,2026-04-03 12:48:14.748347+00,39,22,18,32
238,like,Anika liked your reply,f,2026-04-03 12:48:23.399794+00,39,19,8,31
239,like,Anika liked your reply,f,2026-04-03 12:48:30.389582+00,39,27,27,32
240,like,Anika liked your reply,f,2026-04-03 12:48:31.982103+00,39,27,24,47
241,like,Anika liked your post,f,2026-04-03 12:48:43.973774+00,39,21,,31
242,like,Anika liked your post,f,2026-04-03 12:48:45.33945+00,39,15,,33
243,like,Anika liked your reply,f,2026-04-03 12:48:50.542816+00,39,21,22,47
244,like,Anika liked your post,f,2026-04-03 12:48:57.592907+00,39,37,,47
245,like,Anika liked your reply,f,2026-04-03 12:49:00.18026+00,39,37,25,33
246,like,Anika liked your post,f,2026-04-03 12:49:05.611608+00,39,31,,42
247,like,Anika liked your reply,f,2026-04-03 12:49:09.430545+00,39,30,17,40
248,like,Anika liked your reply,f,2026-04-03 12:49:19.251714+00,39,29,16,33
249,like,Anika liked your post,f,2026-04-03 12:49:22.957506+00,39,24,,33
250,like,Shimpy liked your post,f,2026-04-03 12:50:26.746485+00,32,13,,33
251,like,Shimpy liked your post,f,2026-04-03 12:51:56.087921+00,32,14,,33
252,like,Shimpy liked your post,f,2026-04-03 12:52:19.107585+00,32,16,,33
253,like,Shimpy liked your reply,f,2026-04-03 12:52:25.120767+00,32,16,20,48
254,like,Shimpy liked your post,f,2026-04-03 12:52:38.461189+00,32,17,,33
255,like,Shimpy liked your post,f,2026-04-03 12:53:51.524866+00,32,15,,33
256,like,admin liked your post,f,2026-04-03 12:54:57.030707+00,1,39,,32
257,like,admin liked your post,f,2026-04-03 12:54:59.281681+00,1,20,,33
258,like,admin liked your reply,f,2026-04-03 12:55:04.20675+00,1,20,9,32
259,like,admin liked your reply,f,2026-04-03 12:55:09.373128+00,1,20,12,37
260,like,admin liked your reply,f,2026-04-03 12:55:12.114151+00,1,20,13,37
261,like,admin liked your reply,f,2026-04-03 12:55:15.85108+00,1,20,14,37
262,like,admin liked your post,f,2026-04-03 12:55:28.750352+00,1,41,,32
263,like,admin liked your post,f,2026-04-03 12:55:31.990486+00,1,14,,33
264,like,admin liked your post,f,2026-04-03 12:55:33.86334+00,1,11,,32
265,like,admin liked your post,f,2026-04-03 12:55:39.272151+00,1,40,,32
266,like,admin liked your post,f,2026-04-03 12:55:42.040688+00,1,38,,33
267,like,admin liked your reply,f,2026-04-03 12:55:45.032717+00,1,38,26,40
268,like,admin liked your post,f,2026-04-03 12:55:49.585045+00,1,16,,33
269,like,admin liked your reply,f,2026-04-03 12:55:53.581248+00,1,16,20,48
270,like,admin liked your post,f,2026-04-03 12:56:02.154294+00,1,25,,32
271,like,admin liked your reply,f,2026-04-03 12:56:05.967923+00,1,25,11,33
272,like,admin liked your reply,f,2026-04-03 12:56:09.04603+00,1,25,21,47
273,like,admin liked your post,f,2026-04-03 12:56:13.996326+00,1,17,,33
274,like,admin liked your post,f,2026-04-03 12:56:42.573972+00,1,32,,45
275,like,admin liked your reply,f,2026-04-03 12:56:46.427388+00,1,32,23,31
276,like,admin liked your post,f,2026-04-03 12:56:50.362947+00,1,26,,32
277,like,admin liked your reply,f,2026-04-03 12:56:53.172994+00,1,26,10,33
278,like,admin liked your post,f,2026-04-03 12:56:58.770685+00,1,18,,33
279,like,admin liked your post,f,2026-04-03 12:57:12.268596+00,1,35,,39
280,like,admin liked your post,f,2026-04-03 12:57:15.419528+00,1,33,,41
281,like,admin liked your post,f,2026-04-03 12:58:35.481937+00,1,28,,39
282,like,admin liked your post,f,2026-04-03 12:58:36.691028+00,1,23,,33
283,like,admin liked your reply,f,2026-04-03 12:58:40.205708+00,1,23,15,40
284,like,admin liked your reply,f,2026-04-03 12:58:45.748403+00,1,23,19,48
285,like,admin liked your post,f,2026-04-03 12:59:22.515436+00,1,42,,32
286,like,admin liked your post,f,2026-04-03 12:59:25.386133+00,1,36,,31
287,like,admin liked your post,f,2026-04-03 12:59:27.05191+00,1,27,,33
288,like,admin liked your reply,f,2026-04-03 12:59:29.938311+00,1,27,27,32
289,like,admin liked your reply,f,2026-04-03 12:59:31.268202+00,1,27,24,47
290,like,admin liked your post,f,2026-04-03 12:59:35.034935+00,1,22,,33
291,like,admin liked your reply,f,2026-04-03 12:59:40.711744+00,1,22,18,32
292,like,admin liked your reply,f,2026-04-03 12:59:48.360084+00,1,19,8,31
293,like,admin liked your post,f,2026-04-03 12:59:49.962281+00,1,19,,33
294,like,admin liked your post,f,2026-04-03 13:00:05.957314+00,1,21,,31
295,like,admin liked your reply,f,2026-04-03 13:00:11.599088+00,1,21,22,47
296,like,admin liked your post,f,2026-04-03 13:01:44.797104+00,1,37,,47
297,like,admin liked your reply,f,2026-04-03 13:01:47.340155+00,1,37,25,33
298,like,admin liked your post,f,2026-04-03 13:01:51.657313+00,1,31,,42
299,like,admin liked your post,f,2026-04-03 13:01:53.172038+00,1,30,,39
300,like,admin liked your reply,f,2026-04-03 13:01:55.999056+00,1,30,17,40
301,like,admin liked your post,f,2026-04-03 13:02:00.90206+00,1,29,,39
302,like,admin liked your reply,f,2026-04-03 13:02:03.52185+00,1,29,16,33
303,like,admin liked your post,f,2026-04-03 13:02:06.986319+00,1,24,,33
304,like,Ojasvi liked your post,f,2026-04-03 16:09:38.382929+00,37,53,,41
305,like,Ojasvi liked your post,f,2026-04-03 16:09:48.420074+00,37,54,,31
306,like,Ojasvi liked your post,f,2026-04-03 16:09:57.438889+00,37,55,,41
307,like,Ojasvi liked your post,f,2026-04-03 16:10:05.605099+00,37,56,,41
308,like,Ojasvi liked your post,f,2026-04-03 16:10:12.197133+00,37,57,,42
309,like,Ojasvi liked your post,f,2026-04-03 16:10:26.256313+00,37,58,,42
310,like,Ojasvi liked your post,f,2026-04-03 16:10:35.152203+00,37,60,,47
311,like,Ojasvi liked your post,f,2026-04-03 16:10:52.973872+00,37,61,,47
312,like,Shimpy liked your post,f,2026-04-03 16:16:48.039007+00,32,48,,40
313,like,Ojasvi liked your post,f,2026-04-03 16:43:46.253196+00,37,48,,40
314,reply,Ojasvi replied to your post,f,2026-04-03 16:44:14.291722+00,37,48,28,40
315,like,Anika liked your post,f,2026-04-03 16:53:10.398828+00,39,75,,37
316,like,Anika liked your post,f,2026-04-03 16:53:28.310148+00,39,74,,37
317,like,Anika liked your post,f,2026-04-03 16:53:43.224871+00,39,73,,37
318,like,Anita liked your post,f,2026-04-04 05:29:35.243345+00,41,31,,42
319,reply,Anita replied to your post,f,2026-04-04 05:33:31.275988+00,41,31,29,42
320,like,Ragini liked your post,f,2026-04-04 05:34:44.673823+00,45,114,,41
321,reply,Ragini replied to your post,f,2026-04-04 05:35:21.498898+00,45,114,30,41
322,like,Ragini liked your post,f,2026-04-04 05:35:43.10462+00,45,79,,39
323,like,Ragini liked your post,f,2026-04-04 05:35:44.99932+00,45,78,,39
324,like,Ragini liked your post,f,2026-04-04 05:35:49.793536+00,45,75,,37
325,like,Ragini liked your post,f,2026-04-04 05:35:51.360155+00,45,74,,37
326,like,Ragini liked your post,f,2026-04-04 08:08:12.597263+00,45,20,,33
327,like,Ragini liked your reply,f,2026-04-04 08:08:14.749644+00,45,20,9,32
328,like,Ragini liked your reply,f,2026-04-04 08:08:19.01199+00,45,20,12,37
329,like,Ragini liked your reply,f,2026-04-04 08:08:20.934078+00,45,20,13,37
330,like,Ragini liked your reply,f,2026-04-04 08:08:24.82466+00,45,20,14,37
331,like,Ragini liked your post,f,2026-04-04 08:08:53.103154+00,45,53,,41
332,reply,Ragini replied to your post,f,2026-04-04 08:11:01.349612+00,45,53,31,41
333,like,Ragini liked your post,f,2026-04-04 08:11:27.649424+00,45,76,,39
334,reply,Ragini replied to your post,f,2026-04-04 08:16:48.529257+00,45,76,32,39
335,like,Ragini liked your post,f,2026-04-04 08:20:40.228684+00,45,37,,47
336,like,Ragini liked your reply,f,2026-04-04 08:20:45.088907+00,45,37,25,33
337,like,Ragini liked your post,f,2026-04-04 09:36:19.114747+00,45,113,,41
338,reply,Ragini replied to your post,f,2026-04-04 09:37:55.586278+00,45,113,33,41
339,like,Ragini liked your post,f,2026-04-04 09:39:30.590874+00,45,112,,41
340,reply,Ragini replied to your post,f,2026-04-04 09:39:58.895339+00,45,112,34,41
341,reply,Ragini replied to your post,f,2026-04-04 12:04:55.512231+00,45,79,35,39
342,like,Minka liked your post,f,2026-04-04 12:12:29.462367+00,33,105,,45
343,reply,Minka replied to your post,f,2026-04-04 12:14:33.467952+00,33,105,36,45
344,like,Minka liked your post,f,2026-04-04 12:15:14.696355+00,33,111,,41
345,reply,Minka replied to your post,f,2026-04-04 12:28:37.409564+00,33,111,37,41
346,like,Minka liked your post,f,2026-04-04 12:31:45.569409+00,33,109,,41
347,reply,Minka replied to your post,f,2026-04-04 12:34:14.372066+00,33,109,38,41
348,like,Minka liked your post,f,2026-04-04 12:34:54.258328+00,33,107,,41
349,reply,Minka replied to your post,f,2026-04-04 12:37:01.462773+00,33,107,39,41
350,like,Minka liked your post,f,2026-04-04 12:37:37.681441+00,33,110,,41
351,reply,Minka replied to your post,f,2026-04-04 12:38:59.988358+00,33,110,40,41
352,like,Aarti liked your post,f,2026-04-04 12:39:31.599938+00,48,108,,41
353,reply,Aarti replied to your post,f,2026-04-04 12:41:02.086161+00,48,108,41,41
354,like,Aarti liked your post,f,2026-04-04 12:41:33.247801+00,48,106,,45
355,reply,Aarti replied to your post,f,2026-04-04 12:42:15.842363+00,48,106,42,45
356,like,Aarti liked your post,f,2026-04-04 16:26:18.895923+00,48,36,,31
357,reply,Aarti replied to your post,f,2026-04-04 16:29:42.673496+00,48,36,43,31
358,like,Aarti liked your post,f,2026-04-04 16:30:04.273584+00,48,37,,47
359,like,Minka liked your post,f,2026-04-05 11:33:02.142244+00,33,115,,50
360,like,Minka liked your post,f,2026-04-05 11:33:33.858988+00,33,112,,41
361,like,Minka liked your reply,f,2026-04-05 11:33:36.562685+00,33,112,34,45
362,reply,newonehere replied to your post,f,2026-04-05 17:53:21.193604+00,50,106,44,45
363,like,Minka liked your post,f,2026-04-06 01:50:44.734471+00,33,106,,45
364,like,Minka liked your reply,f,2026-04-06 01:51:10.886838+00,33,106,44,50
365,reply,newonehere replied to your post,f,2026-04-06 04:38:03.288244+00,50,116,45,33
366,like,newonehere liked your post,f,2026-04-06 04:47:56.00405+00,50,112,,41
367,reply,newonehere replied to your post,f,2026-04-06 04:49:24.702106+00,50,112,46,41
368,like,Aarti liked your reply,f,2026-04-06 05:48:58.327461+00,48,114,30,45
369,like,Aarti liked your post,f,2026-04-06 05:49:00.221873+00,48,114,,41
370,like,Aarti liked your post,f,2026-04-06 06:08:43.765953+00,48,117,,31
371,reply,Aarti replied to your post,f,2026-04-06 06:09:36.786594+00,48,117,47,31
372,like,swati liked your reply,f,2026-04-06 06:18:59.699451+00,31,117,47,48
373,reply,newonehere replied to your post,f,2026-04-06 06:19:12.085115+00,50,117,48,31
374,like,Gauri liked your reply,f,2026-04-06 06:42:56.57229+00,51,117,48,50
376,reply,Gauri replied to your post,f,2026-04-06 06:48:08.236513+00,51,117,50,31
377,reply,newonehere replied to your post,f,2026-04-06 06:57:39.016742+00,50,117,51,31
378,like,Gauri liked your reply,f,2026-04-06 07:01:54.155127+00,51,117,51,50
379,like,Gauri liked your reply,f,2026-04-06 07:01:58.830535+00,51,117,47,48
380,reply,newonehere replied to your post,f,2026-04-06 07:11:59.885952+00,50,117,52,31
381,reply,newonehere replied to your post,f,2026-04-06 07:14:22.118673+00,50,121,53,51
382,like,Gauri liked your post,f,2026-04-06 07:19:48.81766+00,51,116,,33
384,reply,Gauri replied to your post,f,2026-04-06 07:22:51.692618+00,51,116,55,33
385,like,Gauri liked your reply,f,2026-04-06 07:23:11.83129+00,51,116,45,50
386,reply,Gauri replied to your post,f,2026-04-06 07:25:56.971444+00,51,120,56,33
387,reply,Gauri replied to your post,f,2026-04-06 07:31:07.470923+00,51,119,57,48
388,like,Shimpy liked your post,f,2026-04-06 07:37:36.642953+00,32,121,,51
389,like,Shimpy liked your reply,f,2026-04-06 07:37:37.865406+00,32,121,53,50
390,like,Shimpy liked your post,f,2026-04-06 07:37:56.755844+00,32,120,,33
391,like,Shimpy liked your reply,f,2026-04-06 07:38:00.204274+00,32,120,56,51
392,like,Shimpy liked your post,f,2026-04-06 07:38:43.855383+00,32,115,,50
393,like,Ojasvi liked your post,f,2026-04-06 07:51:22.707755+00,37,122,,32
394,like,Ojasvi liked your post,f,2026-04-06 07:51:58.098322+00,37,121,,51
395,like,Ojasvi liked your reply,f,2026-04-06 07:51:59.973803+00,37,121,53,50
396,like,Minka liked your reply,f,2026-04-06 08:51:34.784743+00,33,120,56,51
397,like,Neelu liked your post,f,2026-04-06 16:12:53.576245+00,54,124,,52
398,like,Neelu liked your post,f,2026-04-06 16:13:22.462558+00,54,116,,33
399,like,Neelu liked your reply,f,2026-04-06 16:13:44.312798+00,54,116,45,50
400,like,Neelu liked your reply,f,2026-04-06 16:14:15.941565+00,54,116,55,51
401,like,Neelu liked your post,f,2026-04-06 18:18:53.90383+00,54,84,,48
402,like,Neelu liked your post,f,2026-04-07 03:43:20.770637+00,54,114,,41
403,like,Neelu liked your reply,f,2026-04-07 03:43:26.26292+00,54,114,30,45
404,like,Meena liked your post,f,2026-04-07 03:45:33.409088+00,43,126,,54
405,like,Meena liked your post,f,2026-04-07 03:45:47.39831+00,43,124,,52
406,like,Ojasvi liked your post,f,2026-04-07 05:32:55.954922+00,37,126,,54
407,reply,Ojasvi replied to your post,f,2026-04-07 05:37:25.80127+00,37,126,58,54
408,like,Ojasvi liked your post,f,2026-04-07 05:43:45.19879+00,37,125,,54
409,like,Ojasvi liked your post,f,2026-04-07 05:44:01.670247+00,37,117,,31
410,like,Ojasvi liked your reply,f,2026-04-07 05:44:03.592406+00,37,117,47,48
411,like,Ojasvi liked your reply,f,2026-04-07 05:44:06.586648+00,37,117,48,50
412,like,Ojasvi liked your reply,f,2026-04-07 05:44:08.605243+00,37,117,50,51
413,like,Ojasvi liked your reply,f,2026-04-07 05:44:22.564625+00,37,117,51,50
414,like,Ojasvi liked your reply,f,2026-04-07 05:44:27.37923+00,37,117,52,50
415,like,Ojasvi liked your post,f,2026-04-07 05:44:57.002264+00,37,118,,31
416,like,Ojasvi liked your post,f,2026-04-07 05:45:12.778194+00,37,115,,50
417,like,Ojasvi liked your post,f,2026-04-07 06:04:01.963648+00,37,124,,52
418,like,Ojasvi liked your post,f,2026-04-07 06:04:10.73867+00,37,79,,39
419,like,Ojasvi liked your reply,f,2026-04-07 06:04:14.256494+00,37,79,35,45
420,reply,Ojasvi replied to your post,f,2026-04-07 06:04:27.677776+00,37,79,59,39
421,like,malti liked your post,f,2026-04-07 06:08:40.933756+00,57,126,,54
422,like,malti liked your reply,f,2026-04-07 06:08:44.063456+00,57,126,58,37
423,like,malti liked your post,f,2026-04-07 06:09:05.10291+00,57,125,,54
424,reply,malti replied to your post,f,2026-04-07 06:11:20.506428+00,57,125,60,54
425,like,malti liked your post,f,2026-04-07 06:14:51.615788+00,57,116,,33
426,like,malti liked your reply,f,2026-04-07 06:14:53.973559+00,57,116,45,50
427,like,malti liked your reply,f,2026-04-07 06:14:57.890689+00,57,116,55,51
428,like,suman liked your post,f,2026-04-08 06:50:18.645526+00,65,131,,68
429,like,suman liked your post,f,2026-04-08 06:50:30.294295+00,65,128,,55
430,like,Primla liked your post,f,2026-04-09 05:31:09.919567+00,63,131,,68
431,like,Primla liked your post,f,2026-04-09 05:31:24.079615+00,63,118,,31
432,like,Shimpy liked your post,f,2026-04-09 05:53:25.449255+00,32,133,,61
433,like,Shimpy liked your post,f,2026-04-09 05:54:15.107858+00,32,124,,52
434,like,Shimpy liked your post,f,2026-04-09 05:54:30.225522+00,32,127,,57
435,like,Shimpy liked your post,f,2026-04-09 05:55:04.481016+00,32,117,,31
436,reply,Shimpy replied to your post,f,2026-04-09 05:55:25.911556+00,32,117,61,31
437,like,Shimpy liked your reply,f,2026-04-09 05:56:11.557077+00,32,117,48,50
438,like,Shimpy liked your reply,f,2026-04-09 05:56:13.240404+00,32,117,50,51
439,like,Shimpy liked your reply,f,2026-04-09 05:56:16.493209+00,32,117,51,50
440,like,Shimpy liked your reply,f,2026-04-09 05:56:18.478375+00,32,117,52,50
441,like,Shimpy liked your post,f,2026-04-09 05:56:34.048729+00,32,79,,39
442,like,Shimpy liked your reply,f,2026-04-09 05:56:35.991745+00,32,79,35,45
443,like,Shimpy liked your reply,f,2026-04-09 05:56:39.933366+00,32,79,59,37
444,like,Shimpy liked your post,f,2026-04-09 05:57:09.44449+00,32,125,,54
445,like,Shimpy liked your reply,f,2026-04-09 05:57:11.314016+00,32,125,60,57
446,like,Shimpy liked your post,f,2026-04-09 05:57:30.091771+00,32,114,,41
447,like,Shimpy liked your reply,f,2026-04-09 05:57:32.115422+00,32,114,30,45
448,like,Asha liked your post,f,2026-04-10 03:55:54.173104+00,80,125,,54
449,like,Asha liked your reply,f,2026-04-10 03:55:56.376265+00,80,125,60,57
450,like,Shimpy liked your post,f,2026-04-10 05:16:46.454995+00,32,135,,80
451,like,Asha liked your post,f,2026-04-10 08:42:47.098716+00,80,131,,68
452,like,Asha liked your post,f,2026-04-11 03:55:39.907139+00,80,137,,78
453,reply,Asha replied to your post,f,2026-04-11 03:58:42.461312+00,80,137,62,78
454,like,Asha liked your post,f,2026-04-11 04:00:23.946269+00,80,136,,64
455,reply,Asha replied to your post,f,2026-04-11 04:01:08.795763+00,80,136,63,64
456,like,satija liked your post,f,2026-04-11 13:54:12.128179+00,30,134,,32
